DateTime,Description,Category,Amount,Type
09/19/2026 08:15,Paycheck,Income,1200.00,Income
09/19/2026 12:30,Chipotle,Food,13.47,Expense
09/19/2026 18:20,Gas Station,Transportation,42.18,Expense
09/20/2026 09:10,Walmart,Groceries,67.32,Expense
09/20/2026 13:45,Coffee Shop,Food,5.75,Expense
09/20/2026 20:15,Netflix,Entertainment,15.49,Expense
09/21/2026 10:00,Amazon,Shopping,38.99,Expense
09/21/2026 14:20,Panera,Food,14.86,Expense
09/21/2026 17:40,Uber,Transportation,18.75,Expense
09/22/2026 08:05,Paycheck,Income,1200.00,Income
09/22/2026 11:30,Target,Shopping,29.64,Expense
09/22/2026 13:15,Coffee Shop,Food,6.25,Expense
09/23/2026 09:40,Electric Bill,Utilities,92.15,Expense
09/23/2026 12:10,McDonalds,Food,9.84,Expense
09/23/2026 19:30,Amazon,Shopping,54.72,Expense
09/24/2026 07:50,Gas Station,Transportation,35.00,Expense
09/24/2026 12:40,Subway,Food,10.84,Expense
09/24/2026 18:05,Hy-Vee,Groceries,83.61,Expense
09/25/2026 09:25,Paycheck,Income,1200.00,Income
09/25/2026 16:40,Spotify,Entertainment,11.99,Expense
09/25/2026 20:10,Pizza Hut,Food,24.86,Expense
09/26/2026 08:45,Coffee Shop,Food,4.95,Expense
09/26/2026 12:05,Walmart,Groceries,46.27,Expense
09/26/2026 18:30,Uber,Transportation,22.50,Expense
09/27/2026 10:15,Amazon,Shopping,47.83,Expense
09/27/2026 14:50,Chipotle,Food,12.94,Expense
09/27/2026 19:20,Electric Bill,Utilities,88.40,Expense
09/28/2026 08:30,Rent,Housing,850.00,Expense
09/28/2026 11:45,Hy-Vee,Groceries,72.15,Expense
09/28/2026 17:10,Gas Station,Transportation,39.50,Expense
09/29/2026 09:05,Paycheck,Income,1200.00,Income
09/29/2026 13:25,Chick-fil-A,Food,11.72,Expense
09/29/2026 18:40,Target,Shopping,36.91,Expense
09/30/2026 10:30,Netflix,Entertainment,15.49,Expense
09/30/2026 12:50,Subway,Food,9.63,Expense
09/30/2026 20:05,Uber,Transportation,16.80,Expense
10/01/2026 08:20,Walmart,Groceries,58.47,Expense
10/01/2026 15:35,Coffee Shop,Food,5.45,Expense
10/01/2026 19:15,Amazon,Shopping,62.34,Expense
10/02/2026 09:50,Gas Station,Transportation,41.25,Expense
10/02/2026 12:15,Chipotle,Food,14.22,Expense
10/02/2026 18:30,Spotify,Entertainment,11.99,Expense
10/03/2026 08:10,Paycheck,Income,1200.00,Income
10/03/2026 11:40,Hy-Vee,Groceries,91.26,Expense
10/03/2026 16:55,Target,Shopping,24.58,Expense
10/04/2026 09:25,Electric Bill,Utilities,95.73,Expense
10/04/2026 13:05,Panera,Food,15.64,Expense
10/04/2026 18:45,Uber,Transportation,21.30,Expense
10/05/2026 10:35,Amazon,Shopping,34.99,Expense
10/05/2026 14:20,Gas Station,Transportation,37.80,Expense
